arrival_flight_id,departure_flight_id,nb_connecting_pax,transfer_time_theoretical,transfer_time_actual
5,141,10,6000.0,6900.0
5,1378,13,5100.0,5880.0
5,799,13,4200.0,4920.0
5,680,3,8700.0,8760.0
5,1322,9,5400.0,12180.0
5,1167,3,6900.0,7980.0
5,1150,4,4500.0,4920.0
5,418,5,10200.0,11580.0
5,89,10,10500.0,12240.0
5,293,3,6300.0,6600.0
5,1353,7,4200.0,5760.0
6,1206,8,10800.0,11700.0
6,820,11,11400.0,11700.0
6,638,12,3000.0,2940.0
6,842,11,14400.0,14640.0
6,800,9,6300.0,9060.0
6,233,9,4800.0,4080.0
6,1154,9,14100.0,23100.0
6,1365,6,7800.0,8820.0
6,827,8,14400.0,21480.0
6,117,10,5700.0,5880.0
6,1168,2,9600.0,9660.0
6,849,7,14100.0,16680.0
6,1335,5,5100.0,6300.0
8,1217,7,3300.0,4260.0
8,489,3,3600.0,3720.0
8,1043,9,4500.0,5040.0
8,434,7,4500.0,5100.0
8,792,11,4800.0,4620.0
8,637,5,4500.0,4860.0
8,1218,10,3900.0,4140.0
8,861,12,3600.0,4620.0
8,617,5,4800.0,5160.0
9,1140,11,10200.0,10980.0
9,1197,8,7200.0,7320.0
9,606,9,4200.0,5100.0
9,1014,8,10200.0,13200.0
9,84,3,6900.0,6900.0
9,273,6,4200.0,6060.0
9,1184,1,5100.0,4980.0
9,1167,10,6900.0,7920.0
9,628,5,10800.0,12060.0
9,1170,4,6300.0,6780.0
11,775,11,3600.0,3060.0
11,1309,9,9000.0,8340.0
11,416,9,9600.0,10440.0
11,977,10,12000.0,16380.0
11,849,3,6000.0,7620.0
11,301,4,11100.0,12180.0
11,1183,4,7800.0,8160.0
11,827,8,6300.0,12420.0
11,290,6,9000.0,8400.0
11,308,6,6000.0,5880.0
11,414,5,12000.0,20580.0
14,450,10,3300.0,-360.0
14,1218,19,13500.0,9900.0
14,430,15,4800.0,6360.0
16,657,37,6900.0,7680.0
17,664,9,6300.0,5820.0
17,269,19,3600.0,4620.0
17,299,9,13500.0,15960.0
17,453,12,13500.0,15540.0
17,288,15,3900.0,4620.0
18,658,3,2700.0,2100.0
18,616,5,4200.0,5280.0
18,1001,7,6000.0,6180.0
19,1020,9,12600.0,17820.0
19,451,1,13800.0,16740.0
19,878,2,4800.0,5580.0
19,848,6,4200.0,5520.0
19,974,5,13200.0,14760.0
19,621,4,13500.0,19500.0
19,642,5,6600.0,7560.0
19,422,5,7800.0,9900.0
19,827,5,7800.0,15900.0
19,679,8,3600.0,5340.0
22,827,8,5100.0,11220.0
22,851,5,9900.0,9840.0
22,122,8,3300.0,5160.0
22,629,7,3900.0,3300.0
22,1208,13,12000.0,12060.0
22,111,8,7200.0,6960.0
22,301,7,9900.0,10980.0
23,479,16,12300.0,13920.0
23,598,16,12600.0,19800.0
23,1003,17,5100.0,4800.0
23,292,15,7200.0,9960.0
23,132,12,13200.0,17760.0
23,1208,20,3900.0,4920.0
23,442,13,13500.0,20220.0
27,1169,4,8400.0,8940.0
27,866,7,11100.0,11700.0
27,990,8,3900.0,4260.0
27,1040,6,3900.0,4680.0
27,976,2,3300.0,5460.0
28,1154,6,7500.0,16680.0
28,650,12,5700.0,8160.0
28,999,9,14400.0,15180.0
29,468,18,6300.0,6240.0
29,312,20,6600.0,7800.0
29,805,17,4500.0,3720.0
30,477,9,12000.0,13500.0
30,1372,9,11100.0,13620.0
30,1024,14,11100.0,13560.0
30,1140,12,6300.0,8100.0
30,976,11,13200.0,16620.0
31,439,29,2700.0,-4260.0
31,1318,37,9000.0,10260.0
33,1367,110,6600.0,7140.0
36,858,6,14100.0,14160.0
36,1355,6,4200.0,4740.0
36,141,8,14100.0,15060.0
36,1353,5,12300.0,13920.0
36,798,11,11700.0,12120.0
38,995,9,2700.0,4740.0
38,1311,12,5700.0,8940.0
38,1358,11,13500.0,14100.0
38,597,7,3600.0,4080.0
38,475,7,6000.0,9600.0
38,434,11,13800.0,13560.0
38,298,10,3600.0,6360.0
38,1185,4,7800.0,11280.0
38,617,7,14100.0,13620.0
38,474,10,3000.0,10380.0
38,267,8,13200.0,13140.0
38,299,16,3600.0,6420.0
38,1363,11,5700.0,11160.0
38,1386,6,7500.0,10980.0
38,1218,8,13200.0,12600.0
38,259,4,7800.0,9840.0
38,488,5,4800.0,5280.0
41,1004,4,2700.0,3060.0
41,673,6,9600.0,11100.0
41,455,7,11700.0,12480.0
41,1025,3,6000.0,6540.0
41,263,6,9300.0,11040.0
41,1361,12,8100.0,8820.0
41,446,4,7200.0,8040.0
41,145,4,8100.0,9540.0
41,244,9,13800.0,14280.0
41,462,2,8700.0,13800.0
41,1346,3,9000.0,10020.0
41,1327,10,10800.0,11340.0
41,657,8,5700.0,6660.0
41,647,6,8700.0,13560.0
41,785,5,8100.0,8520.0
41,277,12,6000.0,5940.0
41,1001,12,10200.0,11040.0
41,994,8,10500.0,10920.0
41,675,8,12000.0,16980.0
41,1374,6,9600.0,10740.0
41,234,7,9300.0,12000.0
41,152,5,6000.0,6360.0
41,1000,5,6300.0,7080.0
46,1166,38,5400.0,6360.0
46,246,25,10800.0,17820.0
46,1020,28,14400.0,19440.0
46,873,29,10800.0,12060.0
47,833,7,9300.0,9300.0
47,273,7,12600.0,14100.0
47,1150,4,12900.0,12900.0
47,824,4,5100.0,5220.0
47,1342,5,5100.0,4560.0
47,1379,5,13200.0,13740.0
47,274,3,14100.0,13800.0
47,265,10,4500.0,5220.0
47,461,6,9000.0,9480.0
47,858,0,14400.0,13980.0
47,626,6,5700.0,6180.0
47,592,6,4500.0,4560.0
47,678,9,9300.0,9120.0
47,110,2,4800.0,4920.0
48,1322,6,6000.0,8700.0
48,628,14,11400.0,8640.0
48,293,7,6900.0,3120.0
48,155,11,7200.0,3960.0
48,84,6,7500.0,3480.0
48,1164,8,9600.0,7440.0
48,1170,5,6900.0,3360.0
48,801,9,8700.0,4680.0
48,624,10,6300.0,2580.0
48,1189,10,5700.0,3180.0
48,274,11,6300.0,2340.0
48,1376,13,9300.0,5940.0
48,1378,14,5700.0,2400.0
49,113,4,3600.0,1860.0
49,1208,8,4500.0,1020.0
49,140,5,12900.0,10800.0
49,1333,7,13200.0,11580.0
49,1137,4,13800.0,13200.0
49,453,6,12900.0,11460.0
49,442,5,14100.0,16320.0
50,290,12,11100.0,11820.0
50,1323,6,7200.0,11640.0
50,1316,4,5400.0,6000.0
50,843,7,7800.0,8280.0
50,878,6,5400.0,5520.0
50,111,3,10500.0,11580.0
50,439,3,9300.0,9540.0
51,977,10,6600.0,11820.0
51,266,12,10500.0,11220.0
51,681,9,9900.0,9660.0
51,851,13,5700.0,6480.0
51,835,12,5100.0,4980.0
53,282,6,10800.0,11760.0
53,606,4,7500.0,7920.0
53,1212,3,3900.0,3300.0
53,155,4,9900.0,10200.0
53,674,2,7800.0,9480.0
53,659,11,13200.0,14580.0
53,461,7,3900.0,4260.0
53,242,6,2700.0,2520.0
53,1167,6,10200.0,10740.0
53,803,4,11100.0,11100.0
53,648,8,4800.0,5280.0
53,1376,6,12000.0,12180.0
53,680,5,12000.0,11520.0
53,844,5,13500.0,14100.0
53,97,4,10200.0,9540.0
58,1183,8,3000.0,4740.0
58,789,2,3000.0,10680.0
58,111,4,3600.0,4740.0
58,621,7,7200.0,12600.0
58,1003,14,9600.0,9720.0
58,269,10,6900.0,9360.0
58,151,8,3900.0,4980.0
58,466,9,6600.0,8940.0
58,86,6,7800.0,11940.0
58,851,17,6300.0,7620.0
58,974,9,6900.0,7860.0
58,246,13,2700.0,9300.0
64,621,8,14400.0,19860.0
64,634,7,10800.0,11460.0
64,287,4,9300.0,10320.0
64,820,4,5700.0,6480.0
64,111,4,10800.0,12000.0
64,439,6,9600.0,9960.0
64,88,7,8700.0,11940.0
64,843,3,8100.0,8700.0
64,466,9,13800.0,16200.0
64,1031,4,8700.0,10080.0
64,1005,2,14100.0,15540.0
64,1206,7,5100.0,6480.0
64,151,4,11100.0,12240.0
64,1309,5,11400.0,12180.0
64,1313,10,4500.0,9120.0
64,301,3,13500.0,16020.0
64,308,4,8400.0,9720.0
64,651,9,5700.0,6600.0
64,1008,2,6600.0,7320.0
64,1190,3,9600.0,10380.0
64,679,10,4500.0,5700.0
64,313,5,4800.0,6000.0
64,246,3,9900.0,16560.0
64,416,14,12000.0,14280.0
64,414,5,14400.0,24420.0
67,313,7,4500.0,3900.0
67,820,3,5400.0,4380.0
67,1316,4,5400.0,4320.0
67,308,6,8100.0,7620.0
67,809,7,5700.0,4320.0
67,111,12,10500.0,9900.0
67,288,6,14100.0,14520.0
67,1313,6,4200.0,7020.0
67,642,12,7200.0,5820.0
67,873,13,9600.0,8700.0
67,847,8,4200.0,3000.0
67,1206,15,4800.0,4380.0
67,869,6,5100.0,5340.0
71,776,22,5700.0,5160.0
71,649,26,3300.0,3780.0
73,416,5,10500.0,10020.0
73,103,8,3300.0,1920.0
73,878,6,4200.0,1680.0
73,1309,5,9900.0,7920.0
73,151,8,9600.0,7980.0
73,88,4,7200.0,7680.0
73,78,4,7800.0,8880.0
73,469,10,4200.0,3120.0
75,658,39,3000.0,3240.0
76,117,22,6900.0,6300.0
76,819,23,9300.0,8580.0
77,1340,10,3900.0,-180.0
77,1358,7,12900.0,9420.0
77,298,11,3000.0,1680.0
77,475,12,5400.0,4920.0
77,295,8,7200.0,5340.0
163,295,8,3900.0,4140.0
163,1185,10,3900.0,5400.0
163,1370,4,7500.0,7080.0
163,1218,4,9300.0,6720.0
163,1043,9,9900.0,7620.0
163,637,10,9900.0,7440.0
163,792,7,10200.0,7200.0
163,434,6,9900.0,7680.0
163,861,7,9000.0,7200.0
164,158,31,5100.0,5940.0
164,107,39,8700.0,8760.0
168,94,5,12300.0,13080.0
168,146,6,6300.0,8220.0
168,989,11,9000.0,10140.0
168,987,8,7500.0,9780.0
168,274,3,7200.0,7860.0
168,606,7,5700.0,7200.0
168,815,7,9600.0,12720.0
168,141,5,7500.0,8940.0
168,1379,6,6300.0,7800.0
168,1170,8,7800.0,8880.0
168,1214,9,9000.0,10380.0
168,844,5,11700.0,13380.0
168,261,5,3300.0,3660.0
168,1189,7,6600.0,8700.0
168,1004,5,13500.0,14640.0
168,864,4,8100.0,9360.0
168,799,8,5700.0,6960.0
168,1140,8,11700.0,13080.0
168,273,13,5700.0,8160.0
168,996,6,12900.0,14340.0
168,608,6,9000.0,9840.0
168,1209,8,8400.0,9060.0
169,873,8,3900.0,5100.0
169,783,5,10200.0,14760.0
169,842,6,2700.0,3720.0
169,1318,7,9900.0,18780.0
169,292,8,12900.0,16440.0
169,111,7,4800.0,6300.0
169,835,6,6900.0,7680.0
169,974,4,8100.0,9420.0
169,977,4,8400.0,14520.0
169,127,6,2700.0,6300.0
169,1003,2,10800.0,11280.0
169,269,10,8100.0,10920.0
169,451,4,8700.0,11400.0
170,990,27,14400.0,15180.0
170,628,23,7500.0,8940.0
172,873,21,13200.0,13440.0
172,650,18,9900.0,12000.0
174,1001,16,5100.0,6240.0
174,982,13,11400.0,14640.0
179,86,7,5100.0,9120.0
179,829,10,14400.0,17760.0
179,269,5,4200.0,6540.0
179,184,8,10200.0,15960.0
181,1378,59,6000.0,6300.0
181,112,54,14100.0,15240.0
183,1043,9,5700.0,3120.0
183,861,7,4800.0,2700.0
183,267,20,5100.0,2760.0
185,281,48,7200.0,7380.0
187,1355,9,8700.0,9360.0
187,834,4,13800.0,15180.0
187,261,5,14400.0,14400.0
187,1212,3,13200.0,13320.0
187,781,9,12600.0,12720.0
187,668,7,9900.0,11640.0
187,1334,8,13500.0,14340.0
187,1354,9,8700.0,10980.0
187,1306,4,12300.0,12960.0
187,833,9,13500.0,14100.0
187,150,6,10200.0,10440.0
187,1381,7,8700.0,9780.0
187,592,8,8700.0,9360.0
187,444,7,12300.0,12720.0
187,654,8,9300.0,10020.0
187,626,10,9900.0,10980.0
194,982,5,4200.0,6600.0
194,1020,5,13500.0,17400.0
194,1222,6,2700.0,4200.0
194,111,5,10800.0,11220.0
194,459,7,13500.0,15240.0
194,88,7,8700.0,11160.0
194,869,1,5400.0,6660.0
194,621,6,14400.0,19080.0
194,851,7,13500.0,14100.0
194,878,4,5700.0,5160.0
195,597,6,4200.0,3720.0
195,609,3,6900.0,11100.0
195,829,7,4500.0,5940.0
195,981,6,4500.0,10080.0
195,637,7,14400.0,12960.0
195,811,8,6300.0,8340.0
195,1046,5,4500.0,2820.0
195,1213,7,6300.0,7740.0
195,1175,6,4500.0,7860.0
195,1358,3,14100.0,13740.0
195,1137,12,5100.0,7380.0
197,1046,11,3000.0,-1080.0
197,1311,9,4800.0,4680.0
197,249,17,3000.0,3060.0
197,295,9,6900.0,5760.0
198,488,2,5100.0,3720.0
198,1333,4,4200.0,4560.0
198,598,2,4200.0,8880.0
198,1340,5,4800.0,2940.0
198,980,6,5400.0,6420.0
198,249,16,4200.0,5760.0
198,82,3,3900.0,7140.0
205,789,23,12900.0,20640.0
205,775,31,8700.0,9600.0
206,234,14,9000.0,12120.0
206,975,11,5400.0,6060.0
206,658,10,6600.0,7080.0
206,1374,11,9300.0,10860.0
206,1040,5,8100.0,9360.0
206,990,9,8100.0,8940.0
206,638,12,9300.0,9900.0
206,863,15,10500.0,10980.0
206,1144,13,11400.0,11460.0
206,483,10,11700.0,12720.0
209,152,11,5700.0,7260.0
209,304,4,5400.0,6600.0
209,131,5,7200.0,8640.0
209,638,8,9300.0,10680.0
209,785,6,7800.0,9420.0
209,95,10,6300.0,8340.0
209,1361,6,7800.0,9720.0
209,483,10,11700.0,13500.0
209,657,11,5400.0,7560.0
209,1024,11,5400.0,7860.0
209,663,6,7500.0,8940.0
209,776,4,9600.0,10500.0
210,234,11,8100.0,10080.0
210,1374,9,8400.0,8820.0
210,677,6,11400.0,10800.0
210,1040,2,7200.0,7320.0
212,489,4,3600.0,2100.0
212,792,4,4800.0,3000.0
212,1043,5,4500.0,3420.0
212,1218,5,3900.0,2520.0
212,637,6,4500.0,3240.0
212,434,1,4500.0,3480.0
212,1358,4,4200.0,4020.0
212,861,11,3600.0,3000.0
212,267,5,3900.0,3060.0
214,293,5,14100.0,16260.0
214,824,7,4500.0,6900.0
214,640,6,14400.0,17220.0
214,599,7,13200.0,15360.0
214,461,8,8400.0,11160.0
214,1378,7,12900.0,15540.0
214,1021,7,13500.0,15960.0
214,460,10,3900.0,10980.0
214,799,2,12000.0,14580.0
214,1342,4,4500.0,6240.0
214,1354,7,3900.0,7860.0
214,1367,7,5400.0,7440.0
214,858,11,13800.0,15660.0
214,868,9,12000.0,13860.0
214,833,5,8700.0,10980.0
214,626,6,5100.0,7860.0
214,1379,8,12600.0,15420.0
221,1385,12,8100.0,10320.0
221,131,21,14400.0,14460.0
221,657,17,12600.0,13380.0
224,776,2,9000.0,8400.0
224,244,5,12900.0,13080.0
224,658,9,6000.0,5760.0
224,1207,8,6000.0,5940.0
224,109,8,10200.0,10380.0
224,675,8,11100.0,15780.0
224,1346,6,8100.0,8820.0
225,995,17,14100.0,17040.0
225,126,11,13800.0,15060.0
231,450,3,12600.0,10320.0
231,999,6,4500.0,2820.0
231,783,11,5400.0,6900.0
231,851,9,2700.0,1320.0
231,430,12,14100.0,17040.0
231,641,5,14100.0,17760.0
231,1340,6,14100.0,12480.0
231,598,9,13500.0,18420.0
231,1046,6,13500.0,11160.0
315,1043,46,4800.0,-1020.0
315,1358,34,4500.0,-420.0
318,990,42,4200.0,1980.0
318,819,38,10500.0,8160.0
319,94,6,8400.0,9240.0
319,989,6,5100.0,6300.0
319,274,7,3300.0,4020.0
319,1164,9,6600.0,9120.0
319,1024,3,12600.0,14700.0
319,152,3,12900.0,14100.0
319,864,8,4200.0,5520.0
319,1197,6,4800.0,5580.0
320,474,13,8400.0,16440.0
320,836,10,9000.0,12780.0
320,1175,9,9300.0,14280.0
320,598,8,9300.0,16500.0
320,442,14,10200.0,16920.0
320,300,8,7500.0,11940.0
320,597,7,9000.0,10140.0
320,468,7,12600.0,16860.0
320,1137,8,9900.0,13800.0
320,184,11,5100.0,10560.0
320,641,9,9900.0,15840.0
322,1001,9,9600.0,11940.0
322,615,7,8400.0,10200.0
322,245,7,10500.0,11760.0
322,655,13,6900.0,9600.0
322,233,11,10800.0,11820.0
322,1307,8,9900.0,12000.0
322,145,12,7500.0,10440.0
322,636,10,10800.0,12180.0
322,1000,11,5700.0,7980.0
322,483,12,11400.0,13500.0
322,620,13,6600.0,9600.0
322,234,12,8700.0,12900.0
322,1222,10,14400.0,17940.0
325,617,12,5400.0,2460.0
325,489,7,4200.0,1020.0
325,861,13,4200.0,1920.0
326,247,20,13500.0,15420.0
326,126,12,12000.0,11460.0
326,1003,16,6000.0,4140.0
326,300,19,11700.0,14580.0
328,462,30,9000.0,13980.0
328,304,19,6000.0,5880.0
328,795,17,6300.0,6540.0
329,1351,7,2700.0,-1140.0
329,861,5,12000.0,8640.0
329,249,2,3000.0,2880.0
329,434,6,12900.0,9120.0
329,1311,9,4800.0,4500.0
329,479,2,2700.0,120.0
329,1175,4,3000.0,3780.0
329,259,3,6900.0,5400.0
329,1012,6,4800.0,6060.0
329,140,6,2700.0,900.0
330,1183,10,13200.0,14760.0
330,290,7,14400.0,15000.0
330,1222,4,5700.0,7740.0
330,789,9,13200.0,20700.0
330,1031,9,11700.0,12840.0
330,153,6,6300.0,6420.0
330,244,5,4500.0,4980.0
331,640,8,5400.0,4680.0
331,657,7,13800.0,13320.0
331,1167,4,5700.0,5100.0
331,1197,9,6000.0,4500.0
331,996,6,10200.0,9420.0
331,146,5,3600.0,3300.0
331,795,10,14100.0,13020.0
336,1031,23,2700.0,4800.0
336,451,42,8700.0,11820.0
338,453,6,8400.0,11880.0
338,247,6,8700.0,12600.0
338,184,8,4500.0,10380.0
338,259,5,12600.0,15720.0
338,805,5,10200.0,14160.0
338,1175,2,8700.0,14100.0
338,836,4,8400.0,12600.0
338,300,7,6900.0,11760.0
338,1311,7,10500.0,14820.0
338,266,9,2700.0,3960.0
338,1333,5,8700.0,12000.0
338,473,6,9000.0,12960.0
338,1173,5,9900.0,19080.0
338,249,3,8700.0,13200.0
338,299,5,8400.0,12300.0
338,450,6,7800.0,8220.0
338,474,5,7800.0,16260.0
338,1185,7,12600.0,17160.0
340,873,5,10800.0,9840.0
340,1190,4,10500.0,9420.0
340,851,4,14400.0,13920.0
340,281,4,8700.0,7200.0
340,1309,7,12300.0,11220.0
340,308,7,9300.0,8760.0
340,287,6,10200.0,9360.0
340,679,6,5400.0,4740.0
340,820,5,6600.0,5520.0
341,628,9,3000.0,3960.0
341,1024,6,7200.0,8340.0
341,990,12,9900.0,10200.0
341,785,10,9600.0,9900.0
341,417,9,11100.0,11940.0
342,266,19,9300.0,5580.0
342,977,8,5400.0,6180.0
342,451,7,5700.0,3060.0
342,1005,9,5100.0,1500.0
342,664,12,7800.0,3780.0
342,995,14,14100.0,12240.0
344,800,38,7500.0,10020.0
344,145,26,2700.0,3660.0
345,640,7,6000.0,8640.0
345,864,4,6000.0,8400.0
345,599,7,4800.0,6780.0
345,1170,6,5700.0,7920.0
345,608,8,6900.0,8880.0
345,89,5,9900.0,13320.0
345,97,8,6300.0,7860.0
345,1372,8,14400.0,17640.0
345,293,6,5700.0,7680.0
345,262,4,7500.0,10860.0
345,674,6,3900.0,7800.0
345,996,3,10800.0,13380.0
345,1353,10,3600.0,6840.0
345,1385,5,9900.0,14220.0
345,1167,6,6300.0,9060.0
345,440,4,5400.0,7380.0
345,624,6,5100.0,7140.0
345,1223,6,3900.0,6240.0
345,141,3,5400.0,7980.0
345,1150,3,3900.0,6000.0
346,677,7,10500.0,11220.0
346,304,7,3600.0,4200.0
346,863,8,8700.0,9360.0
346,1040,4,6300.0,7740.0
346,975,3,3600.0,4440.0
346,1204,10,6000.0,8040.0
346,845,9,4500.0,5760.0
346,1361,6,6000.0,7320.0
346,638,6,7500.0,8280.0
346,131,6,5400.0,6240.0
348,489,42,4500.0,1680.0
351,1159,9,12300.0,12600.0
351,288,16,13200.0,14940.0
351,290,9,10200.0,10560.0
353,1167,9,14100.0,15000.0
353,1379,12,12000.0,12780.0
353,97,16,14100.0,13800.0
353,823,10,3900.0,4140.0
353,640,15,13800.0,14580.0
353,1184,14,12300.0,12060.0
353,1209,13,14100.0,14040.0
353,460,18,3300.0,8340.0
354,1040,8,5700.0,6660.0
354,615,5,6300.0,6720.0
354,782,10,4500.0,4800.0
354,1222,8,12300.0,14460.0
354,117,5,9600.0,10140.0
354,785,8,5400.0,5940.0
354,438,8,13800.0,13740.0
354,638,8,6900.0,7200.0
354,1186,4,14100.0,14820.0
355,785,4,13500.0,14100.0
355,155,10,2700.0,3480.0
355,620,6,12600.0,14280.0
355,262,7,4200.0,5820.0
356,1217,51,12000.0,8160.0
357,1379,11,3000.0,3720.0
357,844,14,8400.0,9300.0
357,599,9,3600.0,3660.0
357,152,10,13500.0,13860.0
357,989,10,5700.0,6060.0
361,269,12,5100.0,7500.0
361,783,9,7200.0,11340.0
361,301,5,4500.0,6900.0
362,861,11,9300.0,7500.0
362,1217,8,9000.0,7140.0
362,792,13,10500.0,7500.0
362,295,13,4200.0,4440.0
363,453,48,9000.0,6300.0
364,471,5,9600.0,10980.0
364,441,7,6000.0,7800.0
364,1214,14,13200.0,15060.0
364,1367,7,3300.0,4500.0
364,626,5,3000.0,4920.0
364,803,6,13500.0,15060.0
364,262,1,13800.0,16500.0
364,989,8,13200.0,14820.0
364,855,0,12900.0,13980.0
364,307,7,7500.0,9660.0
364,648,3,7200.0,9240.0
364,1334,7,6600.0,8280.0
364,791,3,3300.0,4560.0
364,858,2,11700.0,12720.0
364,242,6,5100.0,6480.0
368,844,16,8400.0,9900.0
368,284,13,13800.0,16020.0
368,262,17,6300.0,8340.0
368,304,18,13200.0,13800.0
369,471,8,6000.0,5760.0
369,1189,10,7200.0,8160.0
369,1004,6,14100.0,14100.0
369,84,7,9000.0,8460.0
369,1197,12,9300.0,8880.0
370,1311,8,6300.0,6360.0
370,1012,6,6300.0,7920.0
370,473,10,4800.0,4500.0
370,1046,6,4500.0,600.0
370,126,9,3000.0,180.0
370,1333,5,4500.0,3540.0
370,430,3,5100.0,6480.0
370,598,8,4500.0,7860.0
370,597,12,4200.0,1500.0
372,290,11,7500.0,8940.0
372,851,9,9600.0,11580.0
372,1159,6,9600.0,10980.0
372,142,8,14100.0,17880.0
376,446,5,6900.0,7200.0
376,1040,8,8100.0,8400.0
376,417,10,9300.0,9720.0
376,663,7,7500.0,7200.0
376,778,12,8700.0,8340.0
376,244,10,13500.0,13440.0
376,104,8,7500.0,7740.0
376,1036,13,13800.0,15780.0
376,990,9,8100.0,7980.0
377,820,10,3000.0,3360.0
377,842,3,6000.0,6300.0
377,469,5,3000.0,4260.0
377,86,5,12300.0,16080.0
377,269,7,11400.0,13500.0
377,414,4,11700.0,21300.0
377,629,7,4800.0,5220.0
377,827,6,6000.0,13140.0
377,78,7,6600.0,10020.0
377,111,6,8100.0,8880.0
377,1318,4,13200.0,21360.0
377,650,2,3900.0,6240.0
386,1184,12,12900.0,12600.0
386,640,12,14400.0,15120.0
386,626,11,5100.0,5760.0
386,1379,9,12600.0,13320.0
386,777,15,12900.0,13680.0
386,293,15,14100.0,14160.0
386,273,14,12000.0,13680.0
386,1019,21,5700.0,5700.0
386,242,16,7200.0,7320.0
386,441,10,8100.0,8640.0
386,1021,8,13500.0,13860.0
386,1212,9,8400.0,8100.0
387,1317,64,6900.0,7620.0
389,1214,10,5700.0,6300.0
389,680,12,6900.0,6720.0
389,1211,11,11100.0,11880.0
389,640,6,4800.0,5520.0
389,624,8,3900.0,4020.0
390,234,7,3900.0,7620.0
390,800,6,7500.0,11520.0
390,642,7,14400.0,15600.0
390,483,8,6600.0,8220.0
390,982,10,11100.0,15060.0
390,469,6,12600.0,15060.0
390,1323,4,14400.0,19740.0
390,776,0,4500.0,5220.0
390,438,5,11100.0,11940.0
390,661,5,10800.0,14400.0
390,1327,4,5400.0,6960.0
391,663,4,14100.0,14220.0
391,815,7,5100.0,7320.0
391,1000,10,12600.0,13260.0
391,1204,7,14400.0,15720.0
391,1209,5,3900.0,3660.0
391,1021,6,2700.0,2940.0
391,620,6,13500.0,14880.0
391,858,5,3000.0,2640.0
392,434,4,5100.0,5640.0
392,1217,8,3900.0,4800.0
392,637,8,5100.0,5400.0
392,792,8,5400.0,5160.0
392,1218,7,4500.0,4680.0
392,617,8,5400.0,5700.0
393,1370,9,6000.0,4860.0
393,434,6,8400.0,5460.0
393,267,7,7800.0,5040.0
393,1043,3,8400.0,5400.0
393,1358,6,8100.0,6000.0
393,617,5,8700.0,5520.0
393,489,3,7500.0,4080.0
394,873,21,5100.0,3960.0
394,835,11,8100.0,6540.0
394,1020,15,8700.0,11340.0
395,1208,1,7200.0,6660.0
395,974,4,5700.0,4680.0
395,1309,5,3000.0,1740.0
395,301,6,5100.0,5580.0
395,466,7,5400.0,5760.0
395,288,5,6000.0,6180.0
395,459,3,5100.0,5580.0
395,184,3,11700.0,15600.0
395,851,2,5100.0,4440.0
395,681,6,9300.0,7620.0
395,1347,5,3300.0,6120.0
395,451,9,6300.0,6660.0
395,1136,8,10800.0,10800.0
395,292,6,10500.0,11700.0
396,457,14,4200.0,5580.0
396,1306,16,7200.0,8940.0
396,987,15,13500.0,16500.0
396,858,18,13500.0,14760.0
396,864,21,14100.0,16080.0
396,305,12,4800.0,6240.0
398,104,25,4200.0,4680.0
398,1346,31,5400.0,6120.0
399,638,1,4800.0,4740.0
399,1008,1,14100.0,14340.0
399,104,5,3000.0,3540.0
399,1327,5,6000.0,6300.0
399,778,5,4200.0,4140.0
399,675,8,7200.0,11940.0
399,117,4,7500.0,7680.0
399,866,7,10800.0,11220.0
399,656,8,5100.0,6300.0
399,615,4,4200.0,4260.0
399,1374,4,4800.0,5700.0
399,469,9,13200.0,14400.0
399,616,6,3600.0,5100.0
402,1217,12,3300.0,2220.0
402,1043,16,4500.0,3000.0
402,792,15,4800.0,2580.0
402,1358,15,4200.0,3600.0
403,831,4,13800.0,20580.0
403,453,2,13200.0,15780.0
403,474,4,12600.0,20160.0
403,452,8,14400.0,14820.0
403,86,5,4200.0,7440.0
403,1333,8,13500.0,15900.0
403,1208,8,4800.0,5340.0
404,655,21,8400.0,7980.0
404,776,28,10800.0,8880.0
404,131,44,8400.0,7020.0
404,620,17,8100.0,7980.0
404,483,26,12900.0,11880.0
404,663,16,8700.0,7320.0
404,975,23,6600.0,5220.0
404,109,28,12000.0,10860.0
405,878,5,12600.0,12600.0
405,462,12,3300.0,8400.0
405,1327,12,5400.0,5940.0
406,277,7,4500.0,5040.0
406,1335,6,10200.0,12240.0
406,782,11,5700.0,6480.0
406,677,6,11100.0,11820.0
406,83,3,8700.0,10140.0
406,1040,5,6900.0,8340.0
406,1036,7,12600.0,15720.0
406,304,5,4200.0,4800.0
406,975,3,4200.0,5040.0
406,109,5,9600.0,10680.0
406,994,3,9000.0,10020.0
406,990,4,6900.0,7920.0
406,1374,8,8100.0,9840.0
406,795,5,4500.0,5460.0
406,117,7,10800.0,11820.0
406,95,8,5100.0,6540.0
406,845,1,5100.0,6360.0
406,978,3,6000.0,7860.0
406,1161,7,8700.0,8940.0
406,1200,5,6600.0,8340.0
407,141,4,5100.0,5940.0
407,1021,3,4800.0,5340.0
407,1024,11,14100.0,15540.0
407,858,4,5100.0,5040.0
407,152,5,14400.0,14940.0
407,855,10,6300.0,6300.0
407,659,4,9000.0,10860.0
407,94,9,9900.0,10080.0
407,599,6,4500.0,4740.0
407,608,2,6600.0,6840.0
407,624,7,4800.0,5100.0
407,803,5,6900.0,7380.0
407,868,6,3300.0,3240.0
407,640,7,5700.0,6600.0
411,1175,28,7800.0,5340.0
411,126,29,6300.0,-120.0
412,140,11,3000.0,240.0
412,1173,8,4500.0,8100.0
412,1175,13,3300.0,3120.0
493,462,7,10800.0,15540.0
493,446,5,9300.0,9780.0
493,615,5,11100.0,11040.0
493,304,4,7800.0,7440.0
493,112,10,6000.0,7020.0
494,1358,62,4500.0,3000.0
498,301,4,4200.0,4800.0
498,266,2,9000.0,8400.0
498,1035,5,5700.0,7620.0
498,474,9,14100.0,20700.0
498,835,8,3600.0,2160.0
498,851,7,4200.0,3660.0
498,289,9,4800.0,6120.0
499,656,5,8100.0,9600.0
499,483,8,10200.0,10860.0
499,1207,7,5100.0,5400.0
499,1382,9,4200.0,6480.0
499,776,8,8100.0,7860.0
499,1001,6,8400.0,9300.0
499,1161,6,8400.0,8100.0
499,661,18,14400.0,17040.0
499,782,8,5400.0,5640.0
499,976,10,6000.0,8280.0
499,277,8,4200.0,4200.0
499,675,6,10200.0,15240.0
499,234,12,7500.0,10260.0
499,1000,11,4500.0,5340.0
499,785,12,6300.0,6780.0
499,95,10,4800.0,5700.0
499,615,11,7200.0,7560.0
499,263,13,7500.0,9300.0
499,1374,10,7800.0,9000.0
500,977,7,13800.0,19320.0
500,1316,4,5100.0,5520.0
500,281,6,7200.0,7260.0
500,789,7,9600.0,17040.0
500,301,5,12900.0,15120.0
500,851,3,12900.0,13980.0
500,151,5,10500.0,11340.0
500,849,9,7800.0,10560.0
500,113,4,14100.0,17040.0
500,873,4,9300.0,9900.0
500,1159,8,12900.0,13380.0
500,1035,4,14400.0,17940.0
500,1206,1,4500.0,5580.0
500,469,4,5100.0,6480.0
500,827,7,8100.0,15360.0
500,88,4,8100.0,11040.0
504,1020,5,3300.0,-2040.0
504,597,8,13800.0,5400.0
504,664,3,6600.0,-2400.0
504,86,9,4800.0,-1020.0
504,831,8,14400.0,12120.0
504,459,8,3300.0,-4200.0
504,1005,9,3900.0,-4680.0
505,489,12,7500.0,4920.0
505,617,14,8700.0,6360.0
505,1218,10,7800.0,5340.0
506,655,10,3600.0,4620.0
506,800,4,9000.0,11820.0
506,982,2,12600.0,15360.0
506,636,8,7500.0,7200.0
506,863,7,6900.0,6780.0
506,663,2,3900.0,3960.0
506,677,8,8700.0,8640.0
506,131,14,3600.0,3660.0
506,1335,5,7800.0,9060.0
506,1001,6,6300.0,6960.0
506,1222,10,11100.0,12960.0
506,1040,4,4500.0,5160.0
506,866,4,11700.0,12180.0
507,1370,26,10800.0,12000.0
508,104,8,6600.0,6660.0
508,616,4,7200.0,8220.0
508,638,8,8400.0,7860.0
508,657,12,4500.0,4740.0
508,425,8,4800.0,8580.0
508,1000,10,5100.0,5160.0
508,1207,12,5700.0,5220.0
508,649,7,6300.0,6300.0
510,418,29,6900.0,8460.0
512,792,3,14100.0,7500.0
512,132,3,4500.0,2820.0
512,1137,6,4500.0,2160.0
512,597,6,3600.0,-1500.0
512,836,9,3600.0,1140.0
512,1333,2,3900.0,540.0
512,1311,6,5700.0,3360.0
512,1213,9,5700.0,2520.0
513,287,9,7200.0,9120.0
513,1347,12,9600.0,15360.0
513,650,10,4500.0,8160.0
513,459,12,11400.0,14820.0
513,1005,13,12000.0,14340.0
514,1159,12,6300.0,2640.0
514,621,17,7200.0,8220.0
514,269,21,6900.0,4980.0
516,833,6,8100.0,7440.0
516,624,8,12900.0,12180.0
516,599,5,12600.0,11820.0
516,97,5,14100.0,12900.0
516,146,4,12000.0,12300.0
516,141,7,13200.0,13020.0
516,1355,8,3300.0,2700.0
516,110,7,3600.0,3060.0
516,1322,6,12600.0,18300.0
516,1023,0,3900.0,3360.0
516,1338,0,11100.0,10800.0
516,1342,6,3900.0,2700.0
516,654,9,3900.0,3360.0
516,1170,4,13500.0,12960.0
516,1021,10,12900.0,12420.0
516,158,3,8100.0,7980.0
516,592,4,3300.0,2700.0
516,824,7,3900.0,3360.0
516,1167,4,14100.0,14100.0
516,107,4,11700.0,10800.0
516,1223,1,11700.0,11280.0
516,274,3,12900.0,11940.0
517,1036,69,12600.0,9240.0
517,145,63,6600.0,2160.0
517,1025,74,4500.0,-840.0
518,800,12,7800.0,10980.0
518,233,8,6300.0,6000.0
518,469,10,12900.0,14520.0
518,244,10,8700.0,9360.0
518,869,8,12600.0,14580.0
518,1206,3,12300.0,13620.0
518,1361,5,3000.0,3900.0
523,259,8,5100.0,4860.0
523,1012,0,3000.0,5520.0
523,1218,4,10500.0,7620.0
523,637,10,11100.0,8340.0
523,617,5,11400.0,8640.0
523,1370,4,8700.0,7980.0
523,1043,6,11100.0,8520.0
523,792,3,11400.0,8100.0
523,295,7,5100.0,5040.0
523,475,6,3300.0,4620.0
524,982,8,12600.0,15240.0
524,800,9,9000.0,11700.0
524,1040,4,4500.0,5040.0
524,1166,8,12900.0,12960.0
524,1169,11,9000.0,9300.0
524,863,5,6900.0,6660.0
524,131,6,3600.0,3540.0
529,1370,4,5100.0,4140.0
529,1358,5,7200.0,5280.0
529,637,10,7500.0,4500.0
529,434,10,7500.0,4740.0
529,1217,6,6300.0,3900.0
529,861,9,6600.0,4260.0
529,617,5,7800.0,4800.0
529,489,6,6600.0,3360.0
530,1347,10,11100.0,16080.0
530,835,9,12300.0,12900.0
530,459,9,12900.0,15540.0
530,827,7,8100.0,15780.0
530,1005,10,13500.0,15060.0
533,274,6,5100.0,5100.0
533,1317,6,7200.0,7680.0
533,1372,2,14400.0,15840.0
533,97,6,6300.0,6060.0
533,1379,5,4200.0,5040.0
533,1214,2,6900.0,7620.0
533,608,3,6900.0,7080.0
533,657,11,14400.0,15480.0
533,304,8,14400.0,14520.0
535,861,23,3900.0,3540.0
535,1043,26,4800.0,3960.0
539,835,7,5400.0,2400.0
539,1003,8,9300.0,6000.0
539,292,10,11400.0,11160.0
539,634,7,3300.0,480.0
539,681,10,10200.0,7080.0
539,414,16,6900.0,13440.0
539,851,13,6000.0,3900.0
539,459,8,6000.0,5040.0
539,977,8,6900.0,9240.0
539,289,14,6600.0,6360.0
539,664,14,9300.0,6840.0
539,184,11,12600.0,15060.0
539,301,10,6000.0,5040.0
539,269,16,6600.0,5640.0
541,1363,9,5100.0,8040.0
541,637,16,13200.0,10200.0
541,298,16,3000.0,3240.0
541,1311,11,5100.0,5820.0
542,681,13,11100.0,10320.0
542,86,12,8400.0,11460.0
542,1318,8,9300.0,16740.0
542,1020,8,6900.0,10440.0
542,1183,7,3600.0,4260.0
543,1185,4,3300.0,5160.0
543,312,4,3000.0,6240.0
543,631,5,3600.0,5400.0
543,1218,3,8700.0,6480.0
543,434,3,9300.0,7440.0
543,1217,5,8100.0,6600.0
543,489,6,8400.0,6060.0
543,1386,6,3000.0,4860.0
543,637,7,9300.0,7200.0
543,861,9,8400.0,6960.0
544,1197,9,5400.0,5100.0
544,418,8,8400.0,9300.0
544,1024,4,13200.0,14220.0
544,304,9,13200.0,12960.0
544,1184,7,3300.0,2760.0
544,152,4,13500.0,13620.0
544,1207,9,14400.0,14400.0
544,795,10,13500.0,13620.0
545,673,2,5400.0,7080.0
545,1335,5,7500.0,9120.0
545,1326,6,3300.0,3960.0
545,263,5,5100.0,7020.0
545,1361,7,3900.0,4800.0
545,982,4,12300.0,15420.0
545,863,10,6600.0,6840.0
545,800,6,8700.0,11880.0
545,679,4,12600.0,13740.0
546,657,5,3300.0,3360.0
546,95,3,4200.0,4140.0
546,417,7,7200.0,7260.0
546,661,10,13800.0,15480.0
546,483,5,9600.0,9300.0
546,673,4,7200.0,7800.0
546,1161,7,7800.0,6540.0
546,778,4,6600.0,5880.0
546,1313,8,14400.0,17880.0
546,677,7,10200.0,9420.0
546,152,6,3600.0,3060.0
549,1136,8,5700.0,7020.0
549,980,4,12000.0,15300.0
549,473,7,11100.0,14400.0
549,811,4,12600.0,16020.0
549,474,4,9900.0,17700.0
549,1351,5,10500.0,10620.0
549,237,5,10500.0,12480.0
549,1333,3,10800.0,13440.0
549,1033,8,10800.0,14160.0
549,126,7,9300.0,10080.0
550,1168,12,6600.0,5580.0
550,103,7,7500.0,7320.0
550,127,7,11400.0,13140.0
550,1368,15,10500.0,11280.0
550,281,5,10500.0,9300.0
550,775,11,8700.0,8040.0
550,873,12,12600.0,11940.0
550,1309,13,14100.0,13320.0
550,1169,12,3300.0,2580.0
550,677,7,3000.0,1800.0
551,1024,5,5100.0,7200.0
551,244,6,13200.0,14520.0
551,990,7,7800.0,9060.0
551,277,5,5400.0,6180.0
551,800,7,12300.0,16140.0
551,1365,9,13800.0,15900.0
551,863,3,10200.0,11100.0
551,795,6,5400.0,6600.0
551,233,7,10800.0,11160.0
551,845,5,6000.0,7500.0
551,245,6,10500.0,11100.0
551,109,4,10500.0,11820.0
551,616,8,7800.0,10380.0
551,658,4,6300.0,7200.0
551,1307,3,9900.0,11340.0
551,95,5,6000.0,7680.0
551,417,2,9000.0,10800.0
551,1374,8,9000.0,10980.0
551,655,2,6900.0,8940.0
551,449,5,6600.0,9480.0
551,117,5,11700.0,12960.0
551,284,7,5700.0,8160.0
551,978,2,6900.0,9000.0
551,673,4,9000.0,11340.0
551,104,10,7200.0,8820.0
551,782,2,6600.0,7620.0
551,1144,2,11100.0,11580.0
551,663,12,7200.0,8280.0
551,1361,5,7500.0,9060.0
554,82,12,4500.0,5880.0
554,609,10,7200.0,8640.0
554,981,9,4800.0,7620.0
554,811,10,6600.0,5880.0
554,1217,8,13500.0,9900.0
555,1358,35,4500.0,3720.0
556,664,16,9000.0,8880.0
556,289,15,6300.0,8400.0
558,792,6,13200.0,8820.0
558,430,9,3600.0,4800.0
558,295,5,6900.0,5760.0
558,609,8,5400.0,7200.0
558,488,5,3900.0,1020.0
558,861,6,12000.0,8820.0
558,1370,6,10500.0,8700.0
562,434,26,13200.0,9900.0
563,799,4,3000.0,4380.0
563,1338,5,2700.0,4140.0
563,155,13,5400.0,6900.0
563,815,7,6900.0,10140.0
563,1214,9,6300.0,7800.0
563,674,5,3300.0,6180.0
563,107,3,3300.0,4140.0
567,244,35,13800.0,13260.0
567,1024,49,5700.0,5940.0
567,1307,34,10500.0,10080.0
567,795,35,6000.0,5340.0
567,1200,46,8100.0,8220.0
569,1313,11,5700.0,9600.0
569,642,14,8700.0,8400.0
569,848,16,6300.0,6360.0
569,820,15,6900.0,6960.0
569,1154,12,9600.0,18360.0
571,861,10,4800.0,3180.0
571,1043,5,5700.0,3600.0
571,1217,3,4500.0,2820.0
571,267,11,5100.0,3240.0
571,792,6,6000.0,3180.0
571,637,6,5700.0,3420.0
571,1370,4,3300.0,3060.0
571,434,7,5700.0,3660.0
576,811,8,3300.0,1320.0
576,637,11,11400.0,5940.0
576,861,11,10500.0,5700.0
577,1000,9,2700.0,3240.0
577,677,7,9000.0,8880.0
577,469,10,14400.0,15600.0
577,1365,3,10800.0,11820.0
577,1361,14,4500.0,4980.0
578,140,4,3600.0,3240.0
578,1213,4,5700.0,6000.0
578,981,6,3900.0,8340.0
578,237,13,3600.0,3060.0
578,474,6,3000.0,8280.0
578,299,5,3600.0,4320.0
578,479,7,3600.0,2460.0
578,1358,4,13500.0,12000.0
578,805,5,5400.0,6180.0
578,1333,5,3900.0,4020.0
579,974,48,3300.0,3180.0
580,141,19,13200.0,15060.0
580,460,16,3300.0,9480.0
580,264,18,3900.0,5040.0
580,858,13,13200.0,14160.0
580,1019,14,5100.0,6300.0
581,805,8,5100.0,1860.0
581,1358,8,13200.0,7680.0
581,473,7,3900.0,660.0
581,1046,5,3600.0,-3240.0
581,140,8,3300.0,-1080.0
581,1185,8,7500.0,4860.0
581,1137,4,4200.0,1320.0
581,450,9,2700.0,-4080.0
581,631,8,7800.0,5100.0
582,446,6,12600.0,14760.0
582,616,13,13800.0,16860.0
582,262,11,4200.0,6960.0
582,1167,7,3000.0,5160.0
582,1000,6,11700.0,13800.0
582,1326,6,12900.0,14700.0
582,658,7,12300.0,13680.0
582,94,5,6900.0,8220.0
582,815,7,4200.0,7860.0
585,1003,9,5700.0,4260.0
585,126,11,11700.0,11580.0
585,237,13,12900.0,13980.0
585,488,15,14100.0,14100.0
586,677,22,9900.0,10800.0
586,417,28,6900.0,8640.0
587,88,21,10800.0,14520.0
587,244,8,3600.0,4800.0
588,1136,6,12900.0,15000.0
588,1347,8,5400.0,10320.0
588,113,6,8400.0,11700.0
588,414,3,8100.0,18180.0
588,246,3,3600.0,10320.0
588,783,4,9900.0,14220.0
589,1197,6,3300.0,3120.0
589,864,4,2700.0,3060.0
589,89,6,6600.0,7980.0
589,282,7,3600.0,4740.0
589,785,4,13500.0,13800.0
589,1207,8,12300.0,12420.0
589,1214,6,3600.0,4080.0
589,1200,4,13500.0,14520.0
687,109,5,5700.0,5820.0
687,629,11,14400.0,14640.0
687,1001,7,4800.0,5280.0
687,820,10,12600.0,12780.0
687,982,11,11100.0,13680.0
689,107,49,4500.0,4860.0
689,1164,31,9000.0,11100.0
689,1322,32,5400.0,12360.0
690,418,12,9600.0,11160.0
690,471,11,3300.0,3840.0
690,146,13,4200.0,5760.0
690,1164,15,8400.0,10500.0
690,141,23,5400.0,6480.0
690,996,12,10800.0,11880.0
690,1170,7,5700.0,6420.0
690,282,12,6900.0,8580.0
690,1197,13,6600.0,6960.0
690,1322,16,4800.0,11760.0
690,657,16,14400.0,15780.0
691,864,33,6000.0,7860.0
691,640,31,6000.0,8100.0
692,300,12,9900.0,11040.0
692,292,8,6300.0,5760.0
692,237,4,11400.0,10320.0
692,1351,9,11400.0,8460.0
692,1046,10,11700.0,8340.0
692,299,6,11400.0,11580.0
692,995,10,10500.0,9900.0
692,442,9,12600.0,16020.0
692,1012,5,13500.0,15660.0
692,247,9,11700.0,11880.0
694,474,18,12300.0,18180.0
694,783,29,5100.0,6720.0
698,677,15,2700.0,3240.0
698,1008,12,9000.0,9900.0
698,679,13,6900.0,8280.0
699,78,10,3600.0,7380.0
700,113,7,12600.0,16500.0
700,869,13,3300.0,6000.0
700,827,10,6600.0,14820.0
700,621,8,12300.0,18420.0
700,466,12,11700.0,14760.0
700,459,7,11400.0,14580.0
701,1318,5,9600.0,16800.0
701,1005,6,7800.0,7860.0
701,269,7,7800.0,8940.0
701,266,11,12000.0,11940.0
701,664,5,10500.0,10140.0
701,151,3,4800.0,4560.0
701,289,3,7800.0,9660.0
701,1309,8,5100.0,4500.0
701,851,1,7200.0,7200.0
701,466,2,7500.0,8520.0
701,86,6,8700.0,11520.0
701,111,2,4500.0,4320.0
701,835,8,6600.0,5700.0
701,292,5,12600.0,14460.0
705,1309,6,3600.0,3960.0
705,288,4,6600.0,8400.0
705,289,9,6300.0,9120.0
705,621,8,6600.0,11640.0
705,634,6,3000.0,3240.0
705,113,7,6900.0,9720.0
705,451,8,6900.0,8880.0
705,1005,5,6300.0,7320.0
708,1189,62,12300.0,13500.0
710,1033,15,3000.0,-2580.0
710,489,13,12000.0,2760.0
710,805,22,4500.0,-1140.0
710,1311,17,4800.0,-480.0
711,657,27,3300.0,3660.0
711,425,40,3600.0,7500.0
712,416,9,3000.0,5460.0
712,86,14,6000.0,10380.0
712,142,14,9000.0,12360.0
713,792,28,4800.0,3060.0
714,815,8,8400.0,10680.0
714,855,13,7500.0,7260.0
714,875,8,7800.0,8340.0
714,94,8,11100.0,11040.0
715,620,37,14100.0,16320.0
715,1209,19,4500.0,5100.0
716,489,58,3600.0,1500.0
719,301,11,13200.0,16500.0
719,843,11,7800.0,9180.0
719,851,5,13200.0,15360.0
719,849,13,8100.0,11940.0
719,281,12,7500.0,8640.0
719,122,9,6600.0,10680.0
719,1316,7,5400.0,6900.0
719,1183,12,9900.0,12480.0
719,835,11,12600.0,13860.0
719,1347,9,11400.0,17040.0
719,661,10,3600.0,7200.0
719,1206,10,4800.0,6960.0
719,463,9,6000.0,7680.0
719,650,14,6300.0,9840.0
720,422,23,2700.0,2280.0
720,873,26,3900.0,2820.0
724,111,18,13800.0,15660.0
724,1313,11,7500.0,12780.0
724,859,13,3300.0,3960.0
724,103,11,7800.0,9840.0
724,677,11,3300.0,4320.0
725,975,11,3600.0,5220.0
725,1365,18,12300.0,14940.0
725,616,15,6300.0,9420.0
725,1204,15,6000.0,8820.0
725,417,17,7500.0,9840.0
725,663,16,5700.0,7320.0
725,620,14,5100.0,7980.0
725,284,16,4200.0,7200.0
726,1144,9,6900.0,6840.0
726,978,12,2700.0,4260.0
726,1200,17,3300.0,4740.0
729,975,30,3000.0,3240.0
729,1382,21,3300.0,5520.0
734,471,17,5400.0,6060.0
734,834,16,2700.0,4200.0
737,650,7,6300.0,7620.0
737,1368,6,7500.0,8400.0
737,308,2,8100.0,7980.0
737,313,13,4500.0,4260.0
737,469,8,5400.0,5640.0
737,281,5,7500.0,6420.0
739,1031,11,9600.0,3600.0
739,153,15,4200.0,-2820.0
739,873,21,10800.0,4320.0
739,308,11,9300.0,3240.0
739,1008,13,7500.0,840.0
739,1190,20,10500.0,3900.0
739,651,14,6600.0,120.0
739,281,11,8700.0,1680.0
739,459,13,14400.0,9540.0
739,661,13,4800.0,240.0
739,1183,13,11100.0,5520.0
739,111,18,11700.0,5520.0
739,820,17,6600.0,0.0
739,851,15,14400.0,8400.0
741,141,13,9900.0,11760.0
741,1376,1,12600.0,14280.0
741,680,7,12600.0,13620.0
741,262,3,12000.0,14640.0
741,844,13,14100.0,16200.0
741,868,10,8100.0,9060.0
741,89,8,14400.0,17100.0
741,648,5,5400.0,7380.0
741,293,5,10200.0,11460.0
741,989,7,11400.0,12960.0
741,781,8,3900.0,4800.0
741,674,10,8400.0,11580.0
741,987,6,9900.0,12600.0
741,777,10,9000.0,10980.0
741,1164,8,12900.0,15780.0
741,440,6,9900.0,11160.0
744,777,3,13500.0,14400.0
744,1367,8,6000.0,6060.0
744,1356,7,4200.0,4500.0
744,307,8,10200.0,11220.0
744,626,3,5700.0,6480.0
744,427,6,3300.0,3720.0
744,1342,5,5100.0,4860.0
744,1223,4,12900.0,13440.0
745,878,24,6600.0,4860.0
745,1186,32,5400.0,4260.0
746,642,13,5400.0,3900.0
746,287,11,7200.0,6300.0
746,851,14,11400.0,10860.0
748,247,39,9900.0,8700.0
750,1005,3,13500.0,16080.0
750,438,5,3600.0,4800.0
750,451,6,14100.0,17640.0
750,789,7,9600.0,18480.0
750,439,7,9000.0,10500.0
751,273,11,6900.0,9180.0
751,307,15,4500.0,6000.0
751,261,13,4500.0,4680.0
751,678,14,3600.0,4200.0
755,634,16,9300.0,9300.0
755,281,12,6300.0,6000.0
755,86,10,13500.0,17040.0
756,787,14,4200.0,4860.0
756,117,10,7200.0,3000.0
756,1169,5,7800.0,3780.0
756,469,7,12900.0,9720.0
756,866,7,10500.0,6540.0
756,869,10,12600.0,9780.0
757,975,12,11100.0,12300.0
757,655,16,12900.0,15060.0
760,621,7,11400.0,16080.0
760,269,9,11100.0,12840.0
760,783,7,13200.0,16680.0
760,999,13,12300.0,12600.0
761,650,14,4500.0,8100.0
761,78,13,7200.0,11880.0
761,463,16,4200.0,5940.0
765,829,14,4500.0,3720.0
765,132,10,5100.0,5820.0
765,805,12,6000.0,5700.0
765,1340,10,5100.0,1920.0
765,267,7,13800.0,10560.0
765,641,10,5100.0,7200.0
765,126,11,3000.0,180.0
766,122,14,13800.0,16680.0
766,1204,14,2700.0,3960.0
766,117,15,6900.0,7140.0
766,675,11,6600.0,11400.0
766,1008,21,13500.0,13800.0
768,463,18,11700.0,12240.0
768,455,14,4800.0,5460.0
768,308,17,13800.0,14760.0
773,836,5,7800.0,6900.0
773,981,3,8100.0,10620.0
773,140,7,7800.0,5520.0
773,1033,5,8100.0,7020.0
773,597,6,7800.0,4260.0
773,1046,5,8100.0,3360.0
773,1194,6,8700.0,9900.0
774,1170,6,8100.0,8760.0
774,1378,8,6900.0,7800.0
774,107,4,6300.0,6600.0
774,875,5,9300.0,10260.0
774,1184,5,6900.0,6960.0
882,1043,18,5100.0,-1800.0
882,1217,24,3900.0,-2580.0
884,792,7,4800.0,-2640.0
884,637,10,4500.0,-2400.0
884,489,7,3600.0,-3540.0
884,1043,8,4500.0,-2220.0
884,617,6,4800.0,-2100.0
884,861,2,3600.0,-2640.0
884,267,6,3900.0,-2580.0
886,659,7,5700.0,7980.0
886,1317,6,3600.0,4560.0
886,785,8,13200.0,14220.0
886,84,10,2700.0,3120.0
886,1346,8,14100.0,15720.0
888,1340,3,11100.0,9060.0
888,126,10,9000.0,7320.0
888,452,5,11400.0,9600.0
888,1333,7,10500.0,10680.0
888,831,4,10800.0,15360.0
888,247,7,10500.0,11280.0
888,298,5,10200.0,10920.0
888,184,2,6300.0,9060.0
888,300,7,8700.0,10440.0
888,1386,5,14100.0,15540.0
888,82,2,10200.0,13260.0
890,869,4,12000.0,13680.0
890,615,6,3300.0,3480.0
890,820,4,12300.0,12720.0
890,1335,2,6000.0,7320.0
890,661,7,10500.0,12960.0
890,244,6,8100.0,8460.0
890,775,5,12600.0,13140.0
890,83,1,4500.0,5220.0
890,638,5,3900.0,3960.0
890,776,8,4200.0,3780.0
890,417,2,3900.0,4740.0
890,651,6,12300.0,12840.0
890,647,6,3000.0,7740.0
890,878,3,12300.0,12180.0
890,673,7,3900.0,5280.0
890,1036,8,8400.0,10800.0
890,1316,4,12300.0,12660.0
890,455,6,6000.0,6660.0
890,859,6,6900.0,6540.0
890,109,4,5400.0,5760.0
890,616,9,2700.0,4320.0
890,642,1,14100.0,14160.0
890,866,7,9900.0,10440.0
896,1223,25,12600.0,12720.0
896,427,29,3000.0,3000.0
896,274,25,13800.0,13380.0
896,1219,20,6300.0,5700.0
896,648,6,9600.0,10080.0
896,461,15,8700.0,9060.0
897,606,28,6300.0,6960.0
898,617,72,5400.0,960.0
900,824,32,3600.0,4500.0
900,1356,35,2700.0,3480.0
901,782,19,5700.0,900.0
901,1169,9,11400.0,7020.0
901,263,14,7800.0,4560.0
901,477,9,5100.0,420.0
901,145,14,6600.0,3060.0
904,82,17,12900.0,15660.0
904,1194,15,13800.0,16680.0
904,681,16,6600.0,3480.0
905,801,8,4800.0,5640.0
905,649,8,13500.0,15240.0
905,1024,8,11700.0,13980.0
905,1317,6,4500.0,5880.0
906,1326,17,3900.0,3720.0
906,1365,12,10800.0,11400.0
906,820,7,14400.0,14280.0
911,1368,28,6600.0,8040.0
911,827,25,7500.0,14160.0
911,775,24,4800.0,4800.0
912,592,7,6900.0,7440.0
912,834,14,12000.0,13260.0
912,824,11,7500.0,8100.0
912,798,12,14400.0,14820.0
912,461,7,11400.0,12360.0
912,626,10,8100.0,9060.0
913,1340,19,3600.0,300.0
913,617,15,13200.0,9420.0
913,637,20,12900.0,9120.0
913,980,24,4200.0,3780.0
915,1385,7,12000.0,15000.0
915,141,5,7500.0,8760.0
915,262,1,9600.0,11640.0
915,293,12,7800.0,8460.0
918,1040,13,9900.0,12300.0
918,615,10,10500.0,12360.0
918,859,14,14100.0,15420.0
919,446,23,14100.0,15960.0
919,293,24,3900.0,4980.0
919,875,20,5100.0,6720.0
920,479,15,13800.0,13920.0
920,783,17,6000.0,8280.0
920,451,22,4500.0,4920.0
920,82,12,13800.0,18060.0
922,489,11,6000.0,2220.0
922,1370,4,4500.0,3000.0
922,792,10,7200.0,3120.0
922,617,5,7200.0,3660.0
924,461,5,2700.0,3780.0
924,1004,9,14100.0,14880.0
924,89,7,12600.0,14520.0
924,1353,6,6300.0,8040.0
924,659,6,12000.0,14100.0
924,440,9,8100.0,8580.0
924,1167,3,9000.0,10260.0
924,648,6,3600.0,4800.0
924,1378,7,7200.0,8160.0
924,599,3,7500.0,7980.0
924,1322,7,7500.0,14460.0
926,84,12,3600.0,4380.0
926,1000,12,12300.0,14040.0
926,844,17,6900.0,8760.0
926,152,7,12000.0,13320.0
926,1385,8,7200.0,10560.0
927,457,7,5400.0,5220.0
927,427,7,3600.0,3840.0
927,592,11,4800.0,4980.0
927,1356,10,4500.0,4620.0
927,832,8,9600.0,9120.0
927,110,7,5100.0,5340.0
927,1342,10,5400.0,4980.0
927,1381,8,4800.0,5400.0
927,1219,10,6900.0,6540.0
927,1306,11,8400.0,8580.0
927,150,7,6300.0,6060.0
927,1322,5,14100.0,20580.0
927,1338,9,12600.0,13080.0
927,668,8,6000.0,7260.0
927,1223,6,13200.0,13560.0
927,447,5,5400.0,5400.0
927,1022,8,5400.0,5280.0
927,648,11,10200.0,10920.0
927,471,8,12600.0,12660.0
927,1379,10,13500.0,14160.0
927,674,7,13200.0,15120.0
927,307,8,10500.0,11340.0
927,413,6,7200.0,7260.0
927,261,4,10500.0,10020.0
927,273,5,12900.0,14520.0
927,1023,10,5400.0,5640.0
928,488,18,3300.0,60.0
928,805,29,3900.0,3060.0
931,858,21,7800.0,8700.0
931,777,30,6900.0,8820.0
931,1338,29,5700.0,7380.0
931,1142,24,9300.0,10560.0
932,442,18,6000.0,9600.0
932,861,17,14100.0,11820.0
932,479,22,4800.0,3300.0
932,300,13,3300.0,4620.0
933,974,43,3000.0,-3000.0
933,466,39,2700.0,-1920.0
934,1323,4,6600.0,10080.0
934,1159,2,12600.0,12300.0
934,1368,3,6900.0,8160.0
934,977,10,13500.0,18240.0
934,642,8,6600.0,5940.0
934,789,9,9300.0,15960.0
934,466,6,12900.0,14220.0
937,859,7,9600.0,9360.0
937,313,6,14100.0,15060.0
937,109,6,8100.0,8580.0
937,1024,9,2700.0,3960.0
937,153,9,12600.0,12720.0
937,1001,9,7200.0,8040.0
939,598,3,3000.0,5220.0
939,1046,8,3000.0,-2040.0
939,1213,10,4800.0,2880.0
939,792,3,13200.0,7860.0
939,836,4,2700.0,1500.0
939,140,7,2700.0,120.0
939,1012,6,4800.0,5280.0
939,132,3,3600.0,3180.0
939,1173,2,4200.0,7980.0
939,1137,7,3600.0,2520.0
942,1209,13,6000.0,5820.0
942,657,10,14100.0,15000.0
942,864,5,5700.0,6120.0
942,803,8,6900.0,7140.0
942,1211,6,12000.0,12720.0
942,94,7,9900.0,9840.0
942,274,7,4800.0,4620.0
942,1317,5,6900.0,7200.0
942,1004,4,11100.0,11400.0
943,617,10,4800.0,2340.0
943,861,3,3600.0,1800.0
943,434,12,4500.0,2280.0
946,434,20,4800.0,3060.0
946,1217,14,3600.0,2220.0
946,267,19,4200.0,2640.0
946,489,9,3900.0,1680.0
949,459,14,13500.0,16380.0
949,308,7,8400.0,10080.0
949,634,2,10800.0,11820.0
949,1159,7,13500.0,14640.0
949,414,9,14400.0,24780.0
949,869,15,5400.0,7800.0
949,438,9,4200.0,4620.0
949,661,9,3900.0,7080.0
949,866,9,3300.0,4560.0
949,301,8,13500.0,16380.0
949,642,8,7500.0,8280.0
949,290,4,11400.0,12600.0
949,122,7,6900.0,10560.0
949,313,5,4800.0,6360.0
949,422,7,8700.0,10620.0
949,151,14,11100.0,12600.0
949,1166,4,4500.0,5460.0
950,1385,37,8400.0,11340.0
950,844,40,8100.0,9540.0
952,94,7,12600.0,12240.0
952,648,9,3300.0,3720.0
952,815,3,9900.0,11880.0
952,834,8,3000.0,3600.0
952,141,4,7800.0,8100.0
952,155,3,8400.0,8640.0
952,798,6,5400.0,5160.0
952,987,7,7800.0,8940.0
952,864,11,8400.0,8520.0
952,1214,5,9300.0,9540.0
952,868,3,6000.0,5400.0
952,262,17,9900.0,10980.0
952,640,4,8400.0,8760.0
952,680,8,10500.0,9960.0
952,599,8,7200.0,6900.0
952,801,7,9900.0,9360.0
952,307,7,3600.0,4140.0
953,861,24,11700.0,10620.0
954,1370,2,4500.0,5040.0
954,434,3,6900.0,5640.0
954,861,5,6000.0,5160.0
954,792,7,7200.0,5160.0
954,489,10,6000.0,4260.0
954,1217,7,5700.0,4800.0
954,1043,10,6900.0,5580.0
954,1218,6,6300.0,4680.0
954,1358,11,6600.0,6180.0
955,153,8,3000.0,-1260.0
955,1186,15,4200.0,420.0
955,269,12,13800.0,11700.0
955,1347,7,11400.0,11640.0
955,621,6,14100.0,14940.0
955,127,6,8400.0,7080.0
956,1368,6,3000.0,-3960.0
956,621,6,9600.0,5760.0
956,783,9,11400.0,6360.0
956,88,12,3900.0,-2160.0
956,289,6,9300.0,3240.0
956,287,6,4500.0,-3780.0
956,1031,5,3900.0,-4020.0
956,842,6,3900.0,-4680.0
956,1318,3,11100.0,10380.0
956,281,7,3000.0,-5940.0
956,1208,2,10800.0,3000.0
957,1150,6,12300.0,12780.0
957,592,1,3900.0,4440.0
957,261,7,9600.0,9480.0
957,427,7,2700.0,3300.0
957,155,5,14400.0,15300.0
957,858,10,13800.0,13860.0
957,1353,4,12000.0,13620.0
957,832,6,8700.0,8580.0
957,798,8,11400.0,11820.0
957,799,12,12000.0,12780.0
957,648,9,9300.0,10380.0
957,640,8,14400.0,15420.0
957,1356,3,3600.0,4080.0
957,833,3,8700.0,9180.0
957,110,8,4200.0,4800.0
957,242,11,7200.0,7620.0
957,293,4,14100.0,14460.0
957,1158,5,5100.0,5220.0
959,875,10,3900.0,5100.0
959,89,5,6900.0,9000.0
959,608,5,3900.0,4560.0
959,657,7,11400.0,12960.0
961,1218,12,4500.0,4440.0
961,637,14,5100.0,5160.0
961,617,16,5400.0,5460.0
961,267,24,4500.0,4980.0
961,861,11,4200.0,4920.0
963,245,36,5700.0,4800.0
964,140,6,9900.0,9600.0
964,1194,13,10800.0,13980.0
964,829,11,10200.0,10560.0
964,1185,7,14100.0,15540.0
972,1358,4,13200.0,10500.0
972,450,7,2700.0,-1260.0
972,473,6,3900.0,3480.0
972,249,3,3600.0,3720.0
972,299,8,3300.0,2820.0
972,468,8,6900.0,7200.0
972,598,5,3600.0,6840.0
972,237,2,3300.0,1560.0
972,836,6,3300.0,3120.0
1047,1218,19,3900.0,-2040.0
1047,489,20,3600.0,-2460.0
1047,434,14,4500.0,-1080.0
1047,1043,13,4500.0,-1140.0
1051,1311,8,5700.0,6240.0
1051,995,11,2700.0,2040.0
1051,1043,8,13800.0,10800.0
1051,1351,13,3600.0,600.0
1053,664,20,5700.0,4380.0
1053,298,18,12900.0,14460.0
1053,974,23,3000.0,1680.0
1054,1031,18,4500.0,3180.0
1054,290,17,7200.0,5340.0
1054,122,21,2700.0,3300.0
1054,999,9,11100.0,9480.0
1054,439,15,5400.0,3060.0
1055,153,6,13500.0,13620.0
1055,795,5,3900.0,4260.0
1055,657,3,3600.0,4560.0
1055,819,7,12600.0,12900.0
1055,1024,2,3600.0,4860.0
1055,152,8,3900.0,4260.0
1055,656,9,7800.0,9240.0
1055,131,6,5400.0,5640.0
1055,446,11,5100.0,5940.0
1055,975,6,3600.0,3840.0
1055,263,7,7200.0,8940.0
1055,109,6,9000.0,9480.0
1055,1346,9,6900.0,7920.0
1056,1340,4,5100.0,2220.0
1056,1137,8,5100.0,5460.0
1056,300,8,2700.0,3600.0
1056,981,3,4500.0,8160.0
1056,132,6,5100.0,6120.0
1056,1363,8,6300.0,8880.0
1056,831,4,4800.0,8520.0
1057,295,2,7200.0,5700.0
1057,829,12,3300.0,1980.0
1057,453,10,3000.0,1680.0
1057,1351,4,3000.0,-1020.0
1058,1035,7,4200.0,7380.0
1058,981,8,13500.0,20520.0
1058,451,12,3900.0,5640.0
1058,999,4,4500.0,4920.0
1058,681,5,6900.0,6600.0
1058,598,9,13500.0,20520.0
1058,237,5,13200.0,15240.0
1058,442,8,14400.0,20940.0
1058,142,8,7200.0,9720.0
1058,1046,2,13500.0,13260.0
1058,459,11,2700.0,4560.0
1058,126,7,12000.0,12840.0
1058,249,8,13500.0,17400.0
1063,977,36,13200.0,17640.0
1063,775,30,4800.0,4320.0
1065,1161,13,6300.0,4920.0
1065,679,11,12900.0,12840.0
1065,1186,8,12900.0,12480.0
1065,636,10,7500.0,6360.0
1065,131,14,3600.0,2820.0
1065,775,11,14400.0,14040.0
1068,150,16,6300.0,6000.0
1068,799,5,12900.0,13260.0
1068,1354,4,4800.0,6540.0
1068,1134,5,5400.0,5100.0
1068,460,4,4800.0,9660.0
1068,261,8,10500.0,9960.0
1069,833,28,3600.0,3900.0
1069,155,22,9300.0,10020.0
1072,827,12,4200.0,11820.0
1072,849,12,3900.0,7020.0
1072,246,10,5400.0,12120.0
1072,1003,6,12300.0,12540.0
1072,843,8,3600.0,4260.0
1080,1358,24,6000.0,6840.0
1080,1370,24,3900.0,5700.0
1081,678,54,4800.0,5340.0
1081,1379,49,8700.0,9960.0
1083,1365,7,12600.0,14940.0
1083,994,9,8700.0,10200.0
1083,782,8,5400.0,6660.0
1083,800,7,11100.0,15180.0
1083,449,1,5400.0,8520.0
1083,1326,8,5700.0,7260.0
1083,620,11,5400.0,7980.0
1083,1024,6,3900.0,6240.0
1083,109,11,9300.0,10860.0
1083,245,9,9300.0,10140.0
1083,1346,12,7200.0,9300.0
1083,1335,10,9900.0,12420.0
1083,483,10,10200.0,11880.0
1087,842,9,12600.0,12900.0
1087,679,5,8400.0,9180.0
1087,859,5,4200.0,3780.0
1087,1154,6,12300.0,21360.0
1087,677,13,4200.0,4140.0
1087,109,6,2700.0,3000.0
1087,1186,7,8400.0,8820.0
1088,451,6,13800.0,16200.0
1088,849,8,7500.0,10560.0
1088,86,7,14100.0,18300.0
1088,629,6,6600.0,7440.0
1088,977,5,13500.0,19320.0
1088,634,5,9900.0,10560.0
1088,422,13,7800.0,9360.0
1088,1316,9,4800.0,5520.0
1088,642,6,6600.0,7020.0
1088,416,8,11100.0,13380.0
1088,847,3,3600.0,4200.0
1088,820,4,4800.0,5580.0
1088,1005,7,13200.0,14640.0
1088,843,10,7200.0,7800.0
1088,1190,9,8700.0,9480.0
1088,1183,5,9300.0,11100.0
1088,1313,4,3600.0,8220.0
1089,483,7,7500.0,7080.0
1089,616,5,3900.0,4620.0
1089,675,9,7500.0,11460.0
1089,153,10,11100.0,10200.0
1089,1335,7,7200.0,7620.0
1089,677,5,8100.0,7200.0
1089,782,7,2700.0,1860.0
1089,417,6,5100.0,5040.0
1089,869,8,13200.0,13980.0
1091,640,10,4500.0,5820.0
1091,1025,5,13200.0,14340.0
1091,875,7,5400.0,6600.0
1091,620,8,14400.0,16500.0
1091,95,4,13800.0,15240.0
1091,1021,3,3600.0,4560.0
1091,1209,11,4800.0,5280.0
1091,624,2,3600.0,4320.0
1093,873,7,9600.0,9540.0
1093,469,8,5400.0,6120.0
1093,820,10,5400.0,5220.0
1093,414,7,14100.0,23160.0
1093,1186,5,4200.0,4080.0
1094,141,11,13200.0,14160.0
1094,1212,9,7800.0,7800.0
1094,1338,11,11100.0,11940.0
1094,447,10,3900.0,4260.0
1094,1367,7,4800.0,5040.0
1094,1306,8,6900.0,7440.0
1094,674,6,11700.0,13980.0
1094,1197,10,14400.0,14640.0
1094,599,12,12600.0,12960.0
1094,654,10,3900.0,4500.0
1097,269,16,8700.0,11220.0
1097,1031,11,3300.0,4680.0
1101,126,52,5700.0,-600.0
1102,664,8,5700.0,4740.0
1102,836,4,12900.0,15180.0
1102,1340,9,13800.0,12960.0
1102,831,9,13500.0,19260.0
1106,1001,12,6900.0,7380.0
1106,131,9,4200.0,4080.0
1106,819,9,11400.0,11340.0
1106,1361,6,4800.0,5160.0
1106,1204,9,4800.0,5880.0
1106,1207,11,3600.0,3480.0
1106,1161,11,6900.0,6180.0
1107,995,13,3600.0,5280.0
1107,82,5,4500.0,9240.0
1107,1358,7,14400.0,14640.0
1107,430,10,5400.0,9600.0
1107,474,7,3900.0,10920.0
1107,597,6,4500.0,4620.0
1107,312,3,8400.0,12900.0
1107,598,5,4800.0,10980.0
1107,298,9,4500.0,6900.0
1108,809,16,12900.0,12240.0
1108,469,21,12600.0,13200.0
1111,1339,16,7800.0,9420.0
1111,778,21,4500.0,4260.0
1111,1307,16,6000.0,6180.0
1111,866,27,11100.0,11340.0
1112,151,3,9900.0,11340.0
1112,827,2,7500.0,15360.0
1112,416,8,10800.0,13380.0
1112,849,2,7200.0,10560.0
1112,290,5,10200.0,11340.0
1112,127,6,7500.0,11100.0
1112,1005,11,12900.0,14640.0
1112,459,4,12300.0,15120.0
1112,438,6,3000.0,3360.0
1113,848,3,12000.0,12480.0
1113,263,6,3900.0,5580.0
1113,990,6,3000.0,3360.0
1113,656,3,4500.0,5880.0
1113,651,7,12600.0,13200.0
1113,1222,5,9600.0,11580.0
1114,299,12,12600.0,15540.0
1114,86,4,3600.0,6780.0
1114,298,7,12600.0,15480.0
1114,1136,6,7800.0,8820.0
1114,995,2,11700.0,13860.0
1114,1340,11,13500.0,13620.0
1114,126,5,11400.0,11880.0
1114,1318,3,4500.0,12060.0
1115,1370,10,2700.0,3240.0
1115,1217,3,3900.0,3000.0
1115,1043,4,5100.0,3780.0
1115,617,8,5400.0,3900.0
1116,1033,6,3600.0,-2520.0
1116,831,8,3900.0,1440.0
1116,430,12,4200.0,-300.0
1116,479,9,3300.0,-4800.0
1116,1043,12,13500.0,4140.0
1116,811,11,5400.0,-660.0
1116,1012,7,5400.0,1140.0
1116,1185,0,7500.0,1920.0
1117,237,7,2700.0,-960.0
1117,829,8,3000.0,180.0
1117,1043,4,12900.0,7380.0
1117,1213,3,4800.0,1980.0
1117,296,4,4200.0,7860.0
1117,1386,8,6600.0,4860.0
1118,1140,14,9000.0,9480.0
1118,858,9,4800.0,4440.0
1118,1338,13,2700.0,3120.0
1120,479,38,13500.0,13440.0
1123,1385,19,11700.0,13620.0
1123,864,20,7800.0,7800.0
1123,628,11,12000.0,12600.0
1126,628,7,7200.0,8880.0
1126,418,10,6600.0,8340.0
1126,855,11,3600.0,4020.0
1126,657,2,11400.0,12960.0
1126,864,5,3000.0,4080.0
1126,277,6,11700.0,12240.0
1126,155,10,3000.0,4200.0
1127,624,14,7200.0,8520.0
1127,1184,9,6600.0,7500.0
1129,674,4,2700.0,4980.0
1129,1378,7,3300.0,4140.0
1129,274,5,3900.0,4080.0
1129,599,7,3600.0,3960.0
1129,107,7,2700.0,2940.0
1129,141,6,4200.0,5160.0
1226,434,10,6300.0,-1860.0
1226,792,9,6600.0,-2340.0
1226,1218,4,5700.0,-2820.0
1226,861,7,5400.0,-2340.0
1226,1358,12,6000.0,-1320.0
1226,1217,10,5100.0,-2700.0
1226,637,8,6300.0,-2100.0
1227,999,4,8700.0,10260.0
1227,266,9,11700.0,13500.0
1227,783,7,9600.0,14340.0
1227,1136,9,12600.0,15120.0
1227,1309,4,4800.0,6060.0
1227,851,8,6900.0,8760.0
1227,634,6,4200.0,5340.0
1227,459,7,6900.0,9900.0
1227,1347,6,5100.0,10440.0
1227,287,10,2700.0,4200.0
1227,151,9,4500.0,6120.0
1232,1161,12,6000.0,5700.0
1232,103,5,12900.0,14100.0
1232,463,7,14400.0,15120.0
1232,1326,7,3300.0,3840.0
1232,233,13,7200.0,6780.0
1232,776,13,5700.0,5460.0
1232,417,7,5400.0,6420.0
1233,1003,7,7500.0,6840.0
1233,1005,7,4800.0,5400.0
1233,459,9,4200.0,5880.0
1233,977,5,5100.0,10080.0
1233,301,3,4200.0,5880.0
1233,1020,8,4200.0,8040.0
1233,1136,6,9900.0,11100.0
1233,783,7,6900.0,10320.0
1233,474,7,14100.0,21780.0
1233,621,7,5100.0,9720.0
1235,637,7,4500.0,2460.0
1235,267,10,3900.0,2280.0
1235,1043,10,4500.0,2640.0
1235,617,7,4800.0,2760.0
1235,1218,15,3900.0,1740.0
1237,459,30,2700.0,5640.0
1239,82,14,2700.0,2880.0
1239,1218,6,12300.0,6780.0
1239,617,15,13200.0,7800.0
1239,249,13,3000.0,1500.0
1239,981,11,3000.0,4620.0
1239,1173,3,4200.0,7380.0
1241,1339,14,7500.0,8280.0
1241,848,14,12600.0,11880.0
1241,809,22,13500.0,12420.0
1245,312,12,8400.0,9240.0
1245,82,16,4500.0,5580.0
1245,1351,12,4500.0,180.0
1245,237,18,4500.0,2040.0
1245,1358,12,14400.0,10980.0
1246,475,5,5700.0,5820.0
1246,836,3,3300.0,2940.0
1246,861,3,12600.0,9300.0
1246,132,4,4200.0,4620.0
1246,237,9,3300.0,1380.0
1246,296,6,4800.0,10200.0
1246,641,4,4200.0,6000.0
1246,140,6,3300.0,1560.0
1246,811,8,5400.0,4920.0
1246,1340,4,4200.0,720.0
1249,461,6,4500.0,6780.0
1249,261,6,5700.0,6900.0
1249,1322,5,9300.0,17460.0
1249,648,9,5400.0,7800.0
1249,680,3,12600.0,14040.0
1249,141,7,9900.0,12180.0
1249,440,5,9900.0,11580.0
1249,781,4,3900.0,5220.0
1249,155,3,10500.0,12720.0
1249,444,5,3600.0,5220.0
1249,803,6,11700.0,13620.0
1249,801,6,12000.0,13440.0
1249,418,8,14100.0,16860.0
1249,307,3,5700.0,8220.0
1249,875,6,11400.0,13620.0
1249,441,5,4200.0,6360.0
1249,1184,6,9000.0,10320.0
1251,1385,3,10500.0,13980.0
1251,777,8,5100.0,6960.0
1251,1209,4,6900.0,7860.0
1251,418,10,10200.0,12420.0
1251,293,8,6300.0,7440.0
1251,606,5,4200.0,6000.0
1251,875,5,7500.0,9180.0
1251,659,7,9900.0,12660.0
1251,1142,7,7500.0,8700.0
1251,799,10,4200.0,5760.0
1251,1322,0,5400.0,13020.0
1251,94,4,10800.0,11880.0
1256,657,4,12000.0,13560.0
1256,663,5,14100.0,14940.0
1256,1207,13,13200.0,14040.0
1256,1382,7,12300.0,15120.0
1258,94,4,9600.0,10500.0
1258,975,7,13800.0,14940.0
1258,599,7,4200.0,5160.0
1258,987,6,4800.0,7200.0
1258,844,3,9000.0,10800.0
1258,606,4,3000.0,4620.0
1258,1379,9,3600.0,5220.0
1258,1382,8,14100.0,17220.0
1258,1150,4,3300.0,4380.0
1260,1370,6,3000.0,5580.0
1260,792,7,5700.0,5700.0
1260,637,4,5400.0,5940.0
1260,617,6,5700.0,6240.0
1260,489,9,4500.0,4800.0
1260,1358,5,5100.0,6720.0
1260,267,6,4800.0,5760.0
1260,1217,4,4200.0,5340.0
1260,861,4,4500.0,5700.0
1260,1043,11,5400.0,6120.0
1260,1218,5,4800.0,5220.0
1262,640,20,7500.0,7980.0
1262,1385,16,11400.0,13560.0
1263,312,3,10500.0,12660.0
1263,1046,6,6900.0,3480.0
1263,811,8,8700.0,9000.0
1263,1333,4,6900.0,6420.0
1263,488,9,7800.0,5580.0
1263,468,7,10200.0,11100.0
1263,995,3,5700.0,5040.0
1263,1363,6,8700.0,11460.0
1263,300,6,5100.0,6180.0
1264,798,3,6300.0,6480.0
1264,461,5,3300.0,4020.0
1264,141,11,8700.0,9420.0
1264,1317,6,10500.0,10920.0
1264,1164,8,11700.0,13440.0
1264,1376,2,11400.0,11940.0
1264,1353,10,6900.0,8280.0
1264,1014,9,12900.0,15780.0
1264,989,1,10200.0,10620.0
1264,1140,6,12900.0,13560.0
1264,418,5,12900.0,14100.0
1264,1334,4,3600.0,4080.0
1265,145,9,2700.0,3600.0
1265,982,9,11100.0,13500.0
1265,859,7,7200.0,6420.0
1265,1008,4,13500.0,13440.0
1265,469,8,12600.0,13500.0
1265,244,11,8400.0,8340.0
1265,809,9,12900.0,12540.0
1267,1217,16,5100.0,5520.0
1267,792,14,6600.0,5880.0
1267,617,9,6600.0,6420.0
1269,304,14,12900.0,13380.0
1269,975,11,12900.0,13620.0
1269,1379,13,2700.0,3900.0
1270,155,7,3900.0,4680.0
1270,1211,9,10200.0,11160.0
1270,293,11,3600.0,3840.0
1270,1209,9,4200.0,4260.0
1270,1164,5,6300.0,8160.0
1272,641,8,4500.0,4980.0
1272,249,5,3900.0,2520.0
1272,1370,7,11400.0,8160.0
1272,237,7,3600.0,360.0
1272,489,4,12900.0,7380.0
1272,434,10,13800.0,8760.0
1272,474,9,3000.0,5580.0
1272,995,5,2700.0,-60.0
1272,132,8,4500.0,3600.0
1272,468,8,7200.0,6000.0
1272,1046,7,3900.0,-1620.0
1273,1175,39,5100.0,2460.0
1273,980,41,6300.0,2220.0
1274,233,11,7800.0,7440.0
1274,234,19,5700.0,8520.0
1275,1365,7,9900.0,11280.0
1275,656,3,5400.0,6960.0
1275,417,12,5100.0,6180.0
1275,1361,3,3600.0,4440.0
1275,776,5,5400.0,5220.0
1275,1144,6,7200.0,6960.0
1275,1001,9,5700.0,6660.0
1275,863,4,6300.0,6480.0
1281,659,15,10800.0,13200.0
1281,440,19,6900.0,7680.0
1281,1189,11,6000.0,8040.0
1281,996,17,12300.0,13680.0
1281,1197,10,8100.0,8760.0
1284,778,13,6300.0,7080.0
1284,103,8,14400.0,16140.0
1284,620,8,4500.0,6600.0
1284,284,9,3600.0,5820.0
1284,1313,9,14100.0,19080.0
1284,787,9,6600.0,12480.0
1285,414,10,4800.0,14100.0
1285,300,3,12900.0,17100.0
1285,479,11,14400.0,15780.0
1285,1020,4,3900.0,7860.0
1285,184,13,10500.0,15720.0
1285,1351,4,14400.0,14520.0
1285,450,6,13800.0,13560.0
1285,597,8,14400.0,15300.0
1285,451,8,5100.0,6780.0
1285,1159,7,3900.0,3960.0
1285,289,9,4500.0,7020.0
1288,155,12,10200.0,12480.0
1288,678,7,4500.0,6180.0
1288,628,9,14400.0,17160.0
1288,141,10,9600.0,11940.0
1288,1140,10,13800.0,16080.0
1288,274,14,9300.0,10860.0
1288,440,8,9600.0,11340.0
1288,1385,9,14100.0,18180.0
1288,799,11,7800.0,9960.0
1288,864,18,10200.0,12360.0
1288,803,14,11400.0,13380.0
1288,833,15,4500.0,6360.0
1292,155,17,12000.0,14700.0
1292,1164,31,14400.0,18180.0
1292,307,20,7200.0,10200.0
1292,1353,17,9600.0,13020.0
1292,626,22,2700.0,5460.0
1292,1379,24,10200.0,13020.0
1294,264,29,3600.0,3840.0
1294,640,25,13500.0,14520.0
1294,307,18,8700.0,9900.0
1294,158,24,7800.0,8820.0
1298,1223,21,8700.0,11580.0
1298,608,20,11700.0,14220.0
1298,875,27,11700.0,14760.0
1298,858,25,10200.0,12420.0
1298,413,21,2700.0,5280.0
1300,777,14,4200.0,2880.0
1300,989,16,6600.0,4860.0
1300,606,22,3300.0,1920.0
1300,798,13,2700.0,720.0
1300,152,9,14400.0,12660.0
1300,1353,19,3300.0,2520.0
1300,1379,21,3900.0,2520.0
1300,1025,10,14400.0,12840.0
1300,987,16,5100.0,4500.0
1300,418,16,9300.0,8340.0
1300,274,17,4800.0,2580.0
1300,273,21,3300.0,2880.0
1300,624,13,4800.0,2820.0
1302,861,14,7800.0,6540.0
1302,617,7,9000.0,7080.0
1302,1217,8,7500.0,6180.0
1304,878,28,8400.0,8760.0
1305,1379,5,2700.0,4020.0
1305,795,2,13200.0,14160.0
1305,864,4,4500.0,5580.0
1305,282,10,5400.0,7260.0
1305,1140,3,8100.0,9300.0
1305,262,8,6000.0,8040.0
1305,608,4,5400.0,6060.0
1305,89,4,8400.0,10500.0
1305,449,4,14400.0,17040.0
1305,624,6,3600.0,4320.0
1305,987,6,3900.0,6000.0
1390,861,10,6000.0,-1680.0
1390,489,13,6000.0,-2580.0
1390,792,9,7200.0,-1680.0
1390,434,6,6900.0,-1200.0
1390,1218,6,6300.0,-2160.0
1390,637,6,6900.0,-1440.0
1390,617,10,7200.0,-1140.0
1390,267,6,6300.0,-1620.0
